Country,UNICEF Region,Indicator,Year,Value,Lower,Upper
Angola,Eastern and Southern Africa,Per cent of infants born to pregnant women living with HIV who received a virological test for HIV within 2 months of birth,2010,2.5,2,3.1
Angola,Eastern and Southern Africa,Per cent of infants born to pregnant women living with HIV who received a virological test for HIV within 2 months of birth,2011,4.1,3.2,5.2
Angola,Eastern and Southern Africa,Per cent of infants born to pregnant women living with HIV who received a virological test for HIV within 2 months of birth,2012,4.8,3.8,6
Angola,Eastern and Southern Africa,Per cent of infants born to pregnant women living with HIV who received a virological test for HIV within 2 months of birth,2013,12.6,10,16.3
Angola,Eastern and Southern Africa,Per cent of infants born to pregnant women living with HIV who received a virological test for HIV within 2 months of birth,2015,5.4,4.4,7.1
Angola,Eastern and Southern Africa,Per cent of infants born to pregnant women living with HIV who received a virological test for HIV within 2 months of birth,2016,1.3,1,1.7
Angola,Eastern and Southern Africa,Per cent of infants born to pregnant women living with HIV who received a virological test for HIV within 2 months of birth,2017,<1,<1,<1
Angola,Eastern and Southern Africa,Per cent of infants born to pregnant women living with HIV who received a virological test for HIV within 2 months of birth,2018,1.5,1.2,2
Angola,Eastern and Southern Africa,Per cent of infants born to pregnant women living with HIV who received a virological test for HIV within 2 months of birth,2019,7.4,5.9,9.7
Angola,Eastern and Southern Africa,Reported number of infants born to pregnant women living with HIV who received a virological test for HIV within 2 months of birth,2010,470,,
Angola,Eastern and Southern Africa,Reported number of infants born to pregnant women living with HIV who received a virological test for HIV within 2 months of birth,2011,840,,
Angola,Eastern and Southern Africa,Reported number of infants born to pregnant women living with HIV who received a virological test for HIV within 2 months of birth,2012,"1,000",,
Angola,Eastern and Southern Africa,Reported number of infants born to pregnant women living with HIV who received a virological test for HIV within 2 months of birth,2013,"2,700",,
Angola,Eastern and Southern Africa,Reported number of infants born to pregnant women living with HIV who received a virological test for HIV within 2 months of birth,2015,"1,200",,
Angola,Eastern and Southern Africa,Reported number of infants born to pregnant women living with HIV who received a virological test for HIV within 2 months of birth,2016,300,,
Angola,Eastern and Southern Africa,Reported number of infants born to pregnant women living with HIV who received a virological test for HIV within 2 months of birth,2017,170,,
Angola,Eastern and Southern Africa,Reported number of infants born to pregnant women living with HIV who received a virological test for HIV within 2 months of birth,2018,350,,
Angola,Eastern and Southern Africa,Reported number of infants born to pregnant women living with HIV who received a virological test for HIV within 2 months of birth,2019,"1,800",,
Botswana,Eastern and Southern Africa,Per cent of infants born to pregnant women living with HIV who received a virological test for HIV within 2 months of birth,2010,46.4,41.1,55.6
Botswana,Eastern and Southern Africa,Per cent of infants born to pregnant women living with HIV who received a virological test for HIV within 2 months of birth,2011,33.5,29.4,40.3
Botswana,Eastern and Southern Africa,Per cent of infants born to pregnant women living with HIV who received a virological test for HIV within 2 months of birth,2012,33.8,30,40.9
Botswana,Eastern and Southern Africa,Per cent of infants born to pregnant women living with HIV who received a virological test for HIV within 2 months of birth,2013,45.5,40.1,55.9
Botswana,Eastern and Southern Africa,Per cent of infants born to pregnant women living with HIV who received a virological test for HIV within 2 months of birth,2014,39.5,35.4,49.3
Botswana,Eastern and Southern Africa,Per cent of infants born to pregnant women living with HIV who received a virological test for HIV within 2 months of birth,2015,43.8,38.8,53.4
Botswana,Eastern and Southern Africa,Per cent of infants born to pregnant women living with HIV who received a virological test for HIV within 2 months of birth,2016,45.6,40.3,57.2
Botswana,Eastern and Southern Africa,Per cent of infants born to pregnant women living with HIV who received a virological test for HIV within 2 months of birth,2017,48.6,43.2,62.1
Botswana,Eastern and Southern Africa,Per cent of infants born to pregnant women living with HIV who received a virological test for HIV within 2 months of birth,2018,81.4,71.9,>95
Botswana,Eastern and Southern Africa,Per cent of infants born to pregnant women living with HIV who received a virological test for HIV within 2 months of birth,2019,84.6,74.6,>95
Botswana,Eastern and Southern Africa,Reported number of infants born to pregnant women living with HIV who received a virological test for HIV within 2 months of birth,2010,"6,900",,
Botswana,Eastern and Southern Africa,Reported number of infants born to pregnant women living with HIV who received a virological test for HIV within 2 months of birth,2011,"4,800",,
Botswana,Eastern and Southern Africa,Reported number of infants born to pregnant women living with HIV who received a virological test for HIV within 2 months of birth,2012,"4,800",,
Botswana,Eastern and Southern Africa,Reported number of infants born to pregnant women living with HIV who received a virological test for HIV within 2 months of birth,2013,"6,400",,
Botswana,Eastern and Southern Africa,Reported number of infants born to pregnant women living with HIV who received a virological test for HIV within 2 months of birth,2014,"5,400",,
Botswana,Eastern and Southern Africa,Reported number of infants born to pregnant women living with HIV who received a virological test for HIV within 2 months of birth,2015,"5,900",,
Botswana,Eastern and Southern Africa,Reported number of infants born to pregnant women living with HIV who received a virological test for HIV within 2 months of birth,2016,"5,900",,
Botswana,Eastern and Southern Africa,Reported number of infants born to pregnant women living with HIV who received a virological test for HIV within 2 months of birth,2017,"6,100",,
Botswana,Eastern and Southern Africa,Reported number of infants born to pregnant women living with HIV who received a virological test for HIV within 2 months of birth,2018,"9,800",,
Botswana,Eastern and Southern Africa,Reported number of infants born to pregnant women living with HIV who received a virological test for HIV within 2 months of birth,2019,"9,800",,
Cameroon,West and Central Africa,Per cent of infants born to pregnant women living with HIV who received a virological test for HIV within 2 months of birth,2010,20.4,16.8,26.9
Cameroon,West and Central Africa,Per cent of infants born to pregnant women living with HIV who received a virological test for HIV within 2 months of birth,2011,26.7,22.5,36.1
Cameroon,West and Central Africa,Per cent of infants born to pregnant women living with HIV who received a virological test for HIV within 2 months of birth,2012,32.6,27.2,44.1
Cameroon,West and Central Africa,Per cent of infants born to pregnant women living with HIV who received a virological test for HIV within 2 months of birth,2013,31.6,25.7,41.5
Cameroon,West and Central Africa,Per cent of infants born to pregnant women living with HIV who received a virological test for HIV within 2 months of birth,2014,40,32.7,55.2
Cameroon,West and Central Africa,Per cent of infants born to pregnant women living with HIV who received a virological test for HIV within 2 months of birth,2015,37,30.2,50.6
Cameroon,West and Central Africa,Per cent of infants born to pregnant women living with HIV who received a virological test for HIV within 2 months of birth,2016,61.5,50.6,82.5
Cameroon,West and Central Africa,Per cent of infants born to pregnant women living with HIV who received a virological test for HIV within 2 months of birth,2017,61.5,51.4,83.1
Cameroon,West and Central Africa,Per cent of infants born to pregnant women living with HIV who received a virological test for HIV within 2 months of birth,2018,69.5,57.4,93.9
Cameroon,West and Central Africa,Per cent of infants born to pregnant women living with HIV who received a virological test for HIV within 2 months of birth,2019,64.4,53.3,86.1
Cameroon,West and Central Africa,Reported number of infants born to pregnant women living with HIV who received a virological test for HIV within 2 months of birth,2010,"6,400",,
Cameroon,West and Central Africa,Reported number of infants born to pregnant women living with HIV who received a virological test for HIV within 2 months of birth,2011,"8,100",,
Cameroon,West and Central Africa,Reported number of infants born to pregnant women living with HIV who received a virological test for HIV within 2 months of birth,2012,"9,600",,
Cameroon,West and Central Africa,Reported number of infants born to pregnant women living with HIV who received a virological test for HIV within 2 months of birth,2013,"9,000",,
Cameroon,West and Central Africa,Reported number of infants born to pregnant women living with HIV who received a virological test for HIV within 2 months of birth,2014,"11,000",,
Cameroon,West and Central Africa,Reported number of infants born to pregnant women living with HIV who received a virological test for HIV within 2 months of birth,2015,"9,800",,
Cameroon,West and Central Africa,Reported number of infants born to pregnant women living with HIV who received a virological test for HIV within 2 months of birth,2016,"15,600",,
Cameroon,West and Central Africa,Reported number of infants born to pregnant women living with HIV who received a virological test for HIV within 2 months of birth,2017,"15,100",,
Cameroon,West and Central Africa,Reported number of infants born to pregnant women living with HIV who received a virological test for HIV within 2 months of birth,2018,"16,600",,
Cameroon,West and Central Africa,Reported number of infants born to pregnant women living with HIV who received a virological test for HIV within 2 months of birth,2019,"15,000",,
Côte d'ivoire,West and Central Africa,Per cent of infants born to pregnant women living with HIV who received a virological test for HIV within 2 months of birth,2010,25.3,20.9,33.4
Côte d'ivoire,West and Central Africa,Per cent of infants born to pregnant women living with HIV who received a virological test for HIV within 2 months of birth,2011,3.5,2.9,4.6
Côte d'ivoire,West and Central Africa,Per cent of infants born to pregnant women living with HIV who received a virological test for HIV within 2 months of birth,2012,22.8,19.4,29.6
Côte d'ivoire,West and Central Africa,Per cent of infants born to pregnant women living with HIV who received a virological test for HIV within 2 months of birth,2013,14.7,12.4,19.3
Côte d'ivoire,West and Central Africa,Per cent of infants born to pregnant women living with HIV who received a virological test for HIV within 2 months of birth,2014,40.8,35.1,52.6
Côte d'ivoire,West and Central Africa,Per cent of infants born to pregnant women living with HIV who received a virological test for HIV within 2 months of birth,2015,35.2,29.6,45.8
Côte d'ivoire,West and Central Africa,Per cent of infants born to pregnant women living with HIV who received a virological test for HIV within 2 months of birth,2016,46.4,38.8,60.6
Côte d'ivoire,West and Central Africa,Per cent of infants born to pregnant women living with HIV who received a virological test for HIV within 2 months of birth,2017,50.4,42.8,64.4
Côte d'ivoire,West and Central Africa,Per cent of infants born to pregnant women living with HIV who received a virological test for HIV within 2 months of birth,2018,53.7,44.7,69.2
Côte d'ivoire,West and Central Africa,Per cent of infants born to pregnant women living with HIV who received a virological test for HIV within 2 months of birth,2019,52.9,44.7,67.7
Côte d'ivoire,West and Central Africa,Reported number of infants born to pregnant women living with HIV who received a virological test for HIV within 2 months of birth,2010,"6,400",,
Côte d'ivoire,West and Central Africa,Reported number of infants born to pregnant women living with HIV who received a virological test for HIV within 2 months of birth,2011,840,,
Côte d'ivoire,West and Central Africa,Reported number of infants born to pregnant women living with HIV who received a virological test for HIV within 2 months of birth,2012,"5,300",,
Côte d'ivoire,West and Central Africa,Reported number of infants born to pregnant women living with HIV who received a virological test for HIV within 2 months of birth,2013,"3,300",,
Côte d'ivoire,West and Central Africa,Reported number of infants born to pregnant women living with HIV who received a virological test for HIV within 2 months of birth,2014,"8,900",,
Côte d'ivoire,West and Central Africa,Reported number of infants born to pregnant women living with HIV who received a virological test for HIV within 2 months of birth,2015,"7,400",,
Côte d'ivoire,West and Central Africa,Reported number of infants born to pregnant women living with HIV who received a virological test for HIV within 2 months of birth,2016,"9,500",,
Côte d'ivoire,West and Central Africa,Reported number of infants born to pregnant women living with HIV who received a virological test for HIV within 2 months of birth,2017,"10,000",,
Côte d'ivoire,West and Central Africa,Reported number of infants born to pregnant women living with HIV who received a virological test for HIV within 2 months of birth,2018,"10,300",,
Côte d'ivoire,West and Central Africa,Reported number of infants born to pregnant women living with HIV who received a virological test for HIV within 2 months of birth,2019,"9,900",,
Democratic republic of the congo,West and Central Africa,Per cent of infants born to pregnant women living with HIV who received a virological test for HIV within 2 months of birth,2010,2.5,1.9,3.3
Democratic republic of the congo,West and Central Africa,Per cent of infants born to pregnant women living with HIV who received a virological test for HIV within 2 months of birth,2011,4,3.1,5.5
Democratic republic of the congo,West and Central Africa,Per cent of infants born to pregnant women living with HIV who received a virological test for HIV within 2 months of birth,2012,5.4,4.2,7.1
Democratic republic of the congo,West and Central Africa,Per cent of infants born to pregnant women living with HIV who received a virological test for HIV within 2 months of birth,2013,7.3,5.9,9.9
Democratic republic of the congo,West and Central Africa,Per cent of infants born to pregnant women living with HIV who received a virological test for HIV within 2 months of birth,2014,10.4,8.2,14.3
Democratic republic of the congo,West and Central Africa,Per cent of infants born to pregnant women living with HIV who received a virological test for HIV within 2 months of birth,2015,11.4,8.9,15.8
Democratic republic of the congo,West and Central Africa,Per cent of infants born to pregnant women living with HIV who received a virological test for HIV within 2 months of birth,2016,14.7,11.7,19.9
Democratic republic of the congo,West and Central Africa,Per cent of infants born to pregnant women living with HIV who received a virological test for HIV within 2 months of birth,2017,25.4,20.3,35.1
Democratic republic of the congo,West and Central Africa,Per cent of infants born to pregnant women living with HIV who received a virological test for HIV within 2 months of birth,2018,16.3,12.8,22.1
Democratic republic of the congo,West and Central Africa,Per cent of infants born to pregnant women living with HIV who received a virological test for HIV within 2 months of birth,2019,16,12.5,21.5
Democratic republic of the congo,West and Central Africa,Reported number of infants born to pregnant women living with HIV who received a virological test for HIV within 2 months of birth,2010,920,,
Democratic republic of the congo,West and Central Africa,Reported number of infants born to pregnant women living with HIV who received a virological test for HIV within 2 months of birth,2011,"1,500",,
Democratic republic of the congo,West and Central Africa,Reported number of infants born to pregnant women living with HIV who received a virological test for HIV within 2 months of birth,2012,"1,900",,
Democratic republic of the congo,West and Central Africa,Reported number of infants born to pregnant women living with HIV who received a virological test for HIV within 2 months of birth,2013,"2,500",,
Democratic republic of the congo,West and Central Africa,Reported number of infants born to pregnant women living with HIV who received a virological test for HIV within 2 months of birth,2014,"3,500",,
Democratic republic of the congo,West and Central Africa,Reported number of infants born to pregnant women living with HIV who received a virological test for HIV within 2 months of birth,2015,"3,800",,
Democratic republic of the congo,West and Central Africa,Reported number of infants born to pregnant women living with HIV who received a virological test for HIV within 2 months of birth,2016,"4,800",,
Democratic republic of the congo,West and Central Africa,Reported number of infants born to pregnant women living with HIV who received a virological test for HIV within 2 months of birth,2017,"8,100",,
Democratic republic of the congo,West and Central Africa,Reported number of infants born to pregnant women living with HIV who received a virological test for HIV within 2 months of birth,2018,"5,100",,
Democratic republic of the congo,West and Central Africa,Reported number of infants born to pregnant women living with HIV who received a virological test for HIV within 2 months of birth,2019,"4,900",,
Ethiopia,Eastern and Southern Africa,Per cent of infants born to pregnant women living with HIV who received a virological test for HIV within 2 months of birth,2010,48.5,36.3,69.7
Ethiopia,Eastern and Southern Africa,Per cent of infants born to pregnant women living with HIV who received a virological test for HIV within 2 months of birth,2011,18.3,13.7,26.2
Ethiopia,Eastern and Southern Africa,Per cent of infants born to pregnant women living with HIV who received a virological test for HIV within 2 months of birth,2012,28.3,21.2,40.7
Ethiopia,Eastern and Southern Africa,Per cent of infants born to pregnant women living with HIV who received a virological test for HIV within 2 months of birth,2013,28.3,21.2,40.7
Ethiopia,Eastern and Southern Africa,Per cent of infants born to pregnant women living with HIV who received a virological test for HIV within 2 months of birth,2014,28.6,21.4,41.1
Ethiopia,Eastern and Southern Africa,Per cent of infants born to pregnant women living with HIV who received a virological test for HIV within 2 months of birth,2015,35.7,26.7,51.3
Ethiopia,Eastern and Southern Africa,Per cent of infants born to pregnant women living with HIV who received a virological test for HIV within 2 months of birth,2016,52.9,39.6,76
Ethiopia,Eastern and Southern Africa,Per cent of infants born to pregnant women living with HIV who received a virological test for HIV within 2 months of birth,2017,45.7,34.1,65.6
Ethiopia,Eastern and Southern Africa,Per cent of infants born to pregnant women living with HIV who received a virological test for HIV within 2 months of birth,2018,60,44.9,86.2
Ethiopia,Eastern and Southern Africa,Reported number of infants born to pregnant women living with HIV who received a virological test for HIV within 2 months of birth,2010,"13,000",,
Ethiopia,Eastern and Southern Africa,Reported number of infants born to pregnant women living with HIV who received a virological test for HIV within 2 months of birth,2011,"4,800",,
Ethiopia,Eastern and Southern Africa,Reported number of infants born to pregnant women living with HIV who received a virological test for HIV within 2 months of birth,2012,"7,300",,
Ethiopia,Eastern and Southern Africa,Reported number of infants born to pregnant women living with HIV who received a virological test for HIV within 2 months of birth,2013,"7,100",,
Ethiopia,Eastern and Southern Africa,Reported number of infants born to pregnant women living with HIV who received a virological test for HIV within 2 months of birth,2014,"6,900",,
Ethiopia,Eastern and Southern Africa,Reported number of infants born to pregnant women living with HIV who received a virological test for HIV within 2 months of birth,2015,"8,400",,
Ethiopia,Eastern and Southern Africa,Reported number of infants born to pregnant women living with HIV who received a virological test for HIV within 2 months of birth,2016,"12,100",,
Ethiopia,Eastern and Southern Africa,Reported number of infants born to pregnant women living with HIV who received a virological test for HIV within 2 months of birth,2017,"9,900",,
Ethiopia,Eastern and Southern Africa,Reported number of infants born to pregnant women living with HIV who received a virological test for HIV within 2 months of birth,2018,"12,200",,
Kenya,Eastern and Southern Africa,Per cent of infants born to pregnant women living with HIV who received a virological test for HIV within 2 months of birth,2010,65.8,54.4,85.2
Kenya,Eastern and Southern Africa,Per cent of infants born to pregnant women living with HIV who received a virological test for HIV within 2 months of birth,2011,41.3,34.1,53.4
Kenya,Eastern and Southern Africa,Per cent of infants born to pregnant women living with HIV who received a virological test for HIV within 2 months of birth,2012,42.1,34.8,54.4
Kenya,Eastern and Southern Africa,Per cent of infants born to pregnant women living with HIV who received a virological test for HIV within 2 months of birth,2013,42.6,35.3,55.2
Kenya,Eastern and Southern Africa,Per cent of infants born to pregnant women living with HIV who received a virological test for HIV within 2 months of birth,2014,51.6,42.7,66.8
Kenya,Eastern and Southern Africa,Per cent of infants born to pregnant women living with HIV who received a virological test for HIV within 2 months of birth,2015,52.8,43.7,68.4
Kenya,Eastern and Southern Africa,Per cent of infants born to pregnant women living with HIV who received a virological test for HIV within 2 months of birth,2016,57,47.1,73.7
Kenya,Eastern and Southern Africa,Per cent of infants born to pregnant women living with HIV who received a virological test for HIV within 2 months of birth,2017,53.2,44,68.8
Kenya,Eastern and Southern Africa,Per cent of infants born to pregnant women living with HIV who received a virological test for HIV within 2 months of birth,2018,66.5,55,86.1
Kenya,Eastern and Southern Africa,Per cent of infants born to pregnant women living with HIV who received a virological test for HIV within 2 months of birth,2019,68.8,56.9,89
Kenya,Eastern and Southern Africa,Reported number of infants born to pregnant women living with HIV who received a virological test for HIV within 2 months of birth,2010,"55,600",,
Kenya,Eastern and Southern Africa,Reported number of infants born to pregnant women living with HIV who received a virological test for HIV within 2 months of birth,2011,"33,900",,
Kenya,Eastern and Southern Africa,Reported number of infants born to pregnant women living with HIV who received a virological test for HIV within 2 months of birth,2012,"33,800",,
Kenya,Eastern and Southern Africa,Reported number of infants born to pregnant women living with HIV who received a virological test for HIV within 2 months of birth,2013,"33,400",,
Kenya,Eastern and Southern Africa,Reported number of infants born to pregnant women living with HIV who received a virological test for HIV within 2 months of birth,2014,"39,000",,
Kenya,Eastern and Southern Africa,Reported number of infants born to pregnant women living with HIV who received a virological test for HIV within 2 months of birth,2015,"36,600",,
Kenya,Eastern and Southern Africa,Reported number of infants born to pregnant women living with HIV who received a virological test for HIV within 2 months of birth,2016,"38,800",,
Kenya,Eastern and Southern Africa,Reported number of infants born to pregnant women living with HIV who received a virological test for HIV within 2 months of birth,2017,"35,500",,
Kenya,Eastern and Southern Africa,Reported number of infants born to pregnant women living with HIV who received a virological test for HIV within 2 months of birth,2018,"43,200",,
Kenya,Eastern and Southern Africa,Reported number of infants born to pregnant women living with HIV who received a virological test for HIV within 2 months of birth,2019,"43,400",,
Mozambique,Eastern and Southern Africa,Per cent of infants born to pregnant women living with HIV who received a virological test for HIV within 2 months of birth,2010,36.4,27.2,51
Mozambique,Eastern and Southern Africa,Per cent of infants born to pregnant women living with HIV who received a virological test for HIV within 2 months of birth,2011,41.5,31,58.1
Mozambique,Eastern and Southern Africa,Per cent of infants born to pregnant women living with HIV who received a virological test for HIV within 2 months of birth,2012,34.8,26,48.7
Mozambique,Eastern and Southern Africa,Per cent of infants born to pregnant women living with HIV who received a virological test for HIV within 2 months of birth,2013,34.9,26.1,48.9
Mozambique,Eastern and Southern Africa,Per cent of infants born to pregnant women living with HIV who received a virological test for HIV within 2 months of birth,2014,43.2,32.3,60.4
Mozambique,Eastern and Southern Africa,Per cent of infants born to pregnant women living with HIV who received a virological test for HIV within 2 months of birth,2015,46.9,35,65.6
Mozambique,Eastern and Southern Africa,Per cent of infants born to pregnant women living with HIV who received a virological test for HIV within 2 months of birth,2016,49.9,37.3,69.9
Mozambique,Eastern and Southern Africa,Per cent of infants born to pregnant women living with HIV who received a virological test for HIV within 2 months of birth,2017,57.1,42.6,79.9
Mozambique,Eastern and Southern Africa,Per cent of infants born to pregnant women living with HIV who received a virological test for HIV within 2 months of birth,2018,66.4,49.6,92.9
Mozambique,Eastern and Southern Africa,Per cent of infants born to pregnant women living with HIV who received a virological test for HIV within 2 months of birth,2019,70.8,52.9,>95
Mozambique,Eastern and Southern Africa,Reported number of infants born to pregnant women living with HIV who received a virological test for HIV within 2 months of birth,2010,"34,600",,
Mozambique,Eastern and Southern Africa,Reported number of infants born to pregnant women living with HIV who received a virological test for HIV within 2 months of birth,2011,"40,400",,
Mozambique,Eastern and Southern Africa,Reported number of infants born to pregnant women living with HIV who received a virological test for HIV within 2 months of birth,2012,"34,600",,
Mozambique,Eastern and Southern Africa,Reported number of infants born to pregnant women living with HIV who received a virological test for HIV within 2 months of birth,2013,"35,400",,
Mozambique,Eastern and Southern Africa,Reported number of infants born to pregnant women living with HIV who received a virological test for HIV within 2 months of birth,2014,"44,500",,
Mozambique,Eastern and Southern Africa,Reported number of infants born to pregnant women living with HIV who received a virological test for HIV within 2 months of birth,2015,"49,300",,
Mozambique,Eastern and Southern Africa,Reported number of infants born to pregnant women living with HIV who received a virological test for HIV within 2 months of birth,2016,"53,300",,
Mozambique,Eastern and Southern Africa,Reported number of infants born to pregnant women living with HIV who received a virological test for HIV within 2 months of birth,2017,"61,600",,
Mozambique,Eastern and Southern Africa,Reported number of infants born to pregnant women living with HIV who received a virological test for HIV within 2 months of birth,2018,"71,800",,
Mozambique,Eastern and Southern Africa,Reported number of infants born to pregnant women living with HIV who received a virological test for HIV within 2 months of birth,2019,"76,300",,
Namibia,Eastern and Southern Africa,Per cent of infants born to pregnant women living with HIV who received a virological test for HIV within 2 months of birth,2010,41.9,36.8,50.6
Namibia,Eastern and Southern Africa,Per cent of infants born to pregnant women living with HIV who received a virological test for HIV within 2 months of birth,2011,67.5,60.8,84.6
Namibia,Eastern and Southern Africa,Per cent of infants born to pregnant women living with HIV who received a virological test for HIV within 2 months of birth,2012,49.7,44.2,61.4
Namibia,Eastern and Southern Africa,Per cent of infants born to pregnant women living with HIV who received a virological test for HIV within 2 months of birth,2013,48.4,43.3,59.2
Namibia,Eastern and Southern Africa,Per cent of infants born to pregnant women living with HIV who received a virological test for HIV within 2 months of birth,2014,80.7,71.1,>95
Namibia,Eastern and Southern Africa,Per cent of infants born to pregnant women living with HIV who received a virological test for HIV within 2 months of birth,2015,14.8,13.1,18.1
Namibia,Eastern and Southern Africa,Per cent of infants born to pregnant women living with HIV who received a virological test for HIV within 2 months of birth,2016,47.3,42.4,59.7
Namibia,Eastern and Southern Africa,Per cent of infants born to pregnant women living with HIV who received a virological test for HIV within 2 months of birth,2017,>95,>95,>95
Namibia,Eastern and Southern Africa,Per cent of infants born to pregnant women living with HIV who received a virological test for HIV within 2 months of birth,2019,>95,89.7,>95
Namibia,Eastern and Southern Africa,Reported number of infants born to pregnant women living with HIV who received a virological test for HIV within 2 months of birth,2010,"5,000",,
Namibia,Eastern and Southern Africa,Reported number of infants born to pregnant women living with HIV who received a virological test for HIV within 2 months of birth,2011,"8,000",,
Namibia,Eastern and Southern Africa,Reported number of infants born to pregnant women living with HIV who received a virological test for HIV within 2 months of birth,2012,"6,000",,
Namibia,Eastern and Southern Africa,Reported number of infants born to pregnant women living with HIV who received a virological test for HIV within 2 months of birth,2013,"5,900",,
Namibia,Eastern and Southern Africa,Reported number of infants born to pregnant women living with HIV who received a virological test for HIV within 2 months of birth,2014,"9,700",,
Namibia,Eastern and Southern Africa,Reported number of infants born to pregnant women living with HIV who received a virological test for HIV within 2 months of birth,2015,"1,700",,
Namibia,Eastern and Southern Africa,Reported number of infants born to pregnant women living with HIV who received a virological test for HIV within 2 months of birth,2016,"5,400",,
Namibia,Eastern and Southern Africa,Reported number of infants born to pregnant women living with HIV who received a virological test for HIV within 2 months of birth,2017,"12,800",,
Namibia,Eastern and Southern Africa,Reported number of infants born to pregnant women living with HIV who received a virological test for HIV within 2 months of birth,2019,"11,000",,
Nigeria,West and Central Africa,Per cent of infants born to pregnant women living with HIV who received a virological test for HIV within 2 months of birth,2010,9.6,6.6,14.7
Nigeria,West and Central Africa,Per cent of infants born to pregnant women living with HIV who received a virological test for HIV within 2 months of birth,2011,10.5,7.2,16.1
Nigeria,West and Central Africa,Per cent of infants born to pregnant women living with HIV who received a virological test for HIV within 2 months of birth,2012,8.9,6.1,13.7
Nigeria,West and Central Africa,Per cent of infants born to pregnant women living with HIV who received a virological test for HIV within 2 months of birth,2013,7.9,5.4,12.1
Nigeria,West and Central Africa,Per cent of infants born to pregnant women living with HIV who received a virological test for HIV within 2 months of birth,2014,9.1,6.2,14
Nigeria,West and Central Africa,Per cent of infants born to pregnant women living with HIV who received a virological test for HIV within 2 months of birth,2015,16.2,11.1,24.9
Nigeria,West and Central Africa,Per cent of infants born to pregnant women living with HIV who received a virological test for HIV within 2 months of birth,2016,18.9,12.9,28.9
Nigeria,West and Central Africa,Per cent of infants born to pregnant women living with HIV who received a virological test for HIV within 2 months of birth,2017,20.1,13.7,30.8
Nigeria,West and Central Africa,Per cent of infants born to pregnant women living with HIV who received a virological test for HIV within 2 months of birth,2018,18.4,12.6,28.2
Nigeria,West and Central Africa,Per cent of infants born to pregnant women living with HIV who received a virological test for HIV within 2 months of birth,2019,26.6,18.2,40.8
Nigeria,West and Central Africa,Reported number of infants born to pregnant women living with HIV who received a virological test for HIV within 2 months of birth,2010,"8,800",,
Nigeria,West and Central Africa,Reported number of infants born to pregnant women living with HIV who received a virological test for HIV within 2 months of birth,2011,"9,700",,
Nigeria,West and Central Africa,Reported number of infants born to pregnant women living with HIV who received a virological test for HIV within 2 months of birth,2012,"8,300",,
Nigeria,West and Central Africa,Reported number of infants born to pregnant women living with HIV who received a virological test for HIV within 2 months of birth,2013,"7,500",,
Nigeria,West and Central Africa,Reported number of infants born to pregnant women living with HIV who received a virological test for HIV within 2 months of birth,2014,"8,800",,
Nigeria,West and Central Africa,Reported number of infants born to pregnant women living with HIV who received a virological test for HIV within 2 months of birth,2015,"15,900",,
Nigeria,West and Central Africa,Reported number of infants born to pregnant women living with HIV who received a virological test for HIV within 2 months of birth,2016,"18,600",,
Nigeria,West and Central Africa,Reported number of infants born to pregnant women living with HIV who received a virological test for HIV within 2 months of birth,2017,"19,800",,
Nigeria,West and Central Africa,Reported number of infants born to pregnant women living with HIV who received a virological test for HIV within 2 months of birth,2018,"18,100",,
Nigeria,West and Central Africa,Reported number of infants born to pregnant women living with HIV who received a virological test for HIV within 2 months of birth,2019,"26,200",,
Rwanda,Eastern and Southern Africa,Per cent of infants born to pregnant women living with HIV who received a virological test for HIV within 2 months of birth,2010,64.2,54.7,82.2
Rwanda,Eastern and Southern Africa,Per cent of infants born to pregnant women living with HIV who received a virological test for HIV within 2 months of birth,2011,65.7,56.4,85.6
Rwanda,Eastern and Southern Africa,Per cent of infants born to pregnant women living with HIV who received a virological test for HIV within 2 months of birth,2012,73,62.8,93.5
Rwanda,Eastern and Southern Africa,Per cent of infants born to pregnant women living with HIV who received a virological test for HIV within 2 months of birth,2013,76.4,66.2,>95
Rwanda,Eastern and Southern Africa,Per cent of infants born to pregnant women living with HIV who received a virological test for HIV within 2 months of birth,2014,82.2,71.5,>95
Rwanda,Eastern and Southern Africa,Per cent of infants born to pregnant women living with HIV who received a virological test for HIV within 2 months of birth,2015,81.6,71.3,>95
Rwanda,Eastern and Southern Africa,Per cent of infants born to pregnant women living with HIV who received a virological test for HIV within 2 months of birth,2016,89.8,78.9,>95
Rwanda,Eastern and Southern Africa,Per cent of infants born to pregnant women living with HIV who received a virological test for HIV within 2 months of birth,2017,86.8,75.9,>95
Rwanda,Eastern and Southern Africa,Per cent of infants born to pregnant women living with HIV who received a virological test for HIV within 2 months of birth,2018,78.2,67.7,>95
Rwanda,Eastern and Southern Africa,Per cent of infants born to pregnant women living with HIV who received a virological test for HIV within 2 months of birth,2019,86.6,74.8,>95
Rwanda,Eastern and Southern Africa,Reported number of infants born to pregnant women living with HIV who received a virological test for HIV within 2 months of birth,2010,"7,200",,
Rwanda,Eastern and Southern Africa,Reported number of infants born to pregnant women living with HIV who received a virological test for HIV within 2 months of birth,2011,"7,200",,
Rwanda,Eastern and Southern Africa,Reported number of infants born to pregnant women living with HIV who received a virological test for HIV within 2 months of birth,2012,"7,800",,
Rwanda,Eastern and Southern Africa,Reported number of infants born to pregnant women living with HIV who received a virological test for HIV within 2 months of birth,2013,"7,800",,
Rwanda,Eastern and Southern Africa,Reported number of infants born to pregnant women living with HIV who received a virological test for HIV within 2 months of birth,2014,"8,200",,
Rwanda,Eastern and Southern Africa,Reported number of infants born to pregnant women living with HIV who received a virological test for HIV within 2 months of birth,2015,"7,800",,
Rwanda,Eastern and Southern Africa,Reported number of infants born to pregnant women living with HIV who received a virological test for HIV within 2 months of birth,2016,"8,300",,
Rwanda,Eastern and Southern Africa,Reported number of infants born to pregnant women living with HIV who received a virological test for HIV within 2 months of birth,2017,"7,800",,
Rwanda,Eastern and Southern Africa,Reported number of infants born to pregnant women living with HIV who received a virological test for HIV within 2 months of birth,2018,"6,700",,
Rwanda,Eastern and Southern Africa,Reported number of infants born to pregnant women living with HIV who received a virological test for HIV within 2 months of birth,2019,"7,100",,
South africa,Eastern and Southern Africa,Per cent of infants born to pregnant women living with HIV who received a virological test for HIV within 2 months of birth,2010,60.7,50.3,82.5
South africa,Eastern and Southern Africa,Per cent of infants born to pregnant women living with HIV who received a virological test for HIV within 2 months of birth,2011,57.2,47.6,79.4
South africa,Eastern and Southern Africa,Per cent of infants born to pregnant women living with HIV who received a virological test for HIV within 2 months of birth,2012,76.6,63.7,>95
South africa,Eastern and Southern Africa,Per cent of infants born to pregnant women living with HIV who received a virological test for HIV within 2 months of birth,2013,62.7,52.1,87.7
South africa,Eastern and Southern Africa,Per cent of infants born to pregnant women living with HIV who received a virological test for HIV within 2 months of birth,2014,70.9,58.6,>95
South africa,Eastern and Southern Africa,Per cent of infants born to pregnant women living with HIV who received a virological test for HIV within 2 months of birth,2015,93.1,77.9,>95
South africa,Eastern and Southern Africa,Per cent of infants born to pregnant women living with HIV who received a virological test for HIV within 2 months of birth,2016,65.6,54.4,93.7
South africa,Eastern and Southern Africa,Per cent of infants born to pregnant women living with HIV who received a virological test for HIV within 2 months of birth,2017,79.5,66.4,>95
South africa,Eastern and Southern Africa,Per cent of infants born to pregnant women living with HIV who received a virological test for HIV within 2 months of birth,2018,79.5,66.3,>95
South africa,Eastern and Southern Africa,Per cent of infants born to pregnant women living with HIV who received a virological test for HIV within 2 months of birth,2019,83.3,69.5,>95
South africa,Eastern and Southern Africa,Reported number of infants born to pregnant women living with HIV who received a virological test for HIV within 2 months of birth,2010,"179,000",,
South africa,Eastern and Southern Africa,Reported number of infants born to pregnant women living with HIV who received a virological test for HIV within 2 months of birth,2011,"174,000",,
South africa,Eastern and Southern Africa,Reported number of infants born to pregnant women living with HIV who received a virological test for HIV within 2 months of birth,2012,"241,000",,
South africa,Eastern and Southern Africa,Reported number of infants born to pregnant women living with HIV who received a virological test for HIV within 2 months of birth,2013,"201,000",,
South africa,Eastern and Southern Africa,Reported number of infants born to pregnant women living with HIV who received a virological test for HIV within 2 months of birth,2014,"229,000",,
South africa,Eastern and Southern Africa,Reported number of infants born to pregnant women living with HIV who received a virological test for HIV within 2 months of birth,2015,"299,000",,
South africa,Eastern and Southern Africa,Reported number of infants born to pregnant women living with HIV who received a virological test for HIV within 2 months of birth,2016,"204,000",,
South africa,Eastern and Southern Africa,Reported number of infants born to pregnant women living with HIV who received a virological test for HIV within 2 months of birth,2017,"256,000",,
South africa,Eastern and Southern Africa,Reported number of infants born to pregnant women living with HIV who received a virological test for HIV within 2 months of birth,2018,"254,000",,
South africa,Eastern and Southern Africa,Reported number of infants born to pregnant women living with HIV who received a virological test for HIV within 2 months of birth,2019,"261,000",,
South sudan,Eastern and Southern Africa,Per cent of infants born to pregnant women living with HIV who received a virological test for HIV within 2 months of birth,2015,1.2,<1,1.7
South sudan,Eastern and Southern Africa,Per cent of infants born to pregnant women living with HIV who received a virological test for HIV within 2 months of birth,2016,2.3,1.8,3.2
South sudan,Eastern and Southern Africa,Per cent of infants born to pregnant women living with HIV who received a virological test for HIV within 2 months of birth,2017,11.5,8.7,15.9
South sudan,Eastern and Southern Africa,Per cent of infants born to pregnant women living with HIV who received a virological test for HIV within 2 months of birth,2018,5.7,4.3,7.9
South sudan,Eastern and Southern Africa,Per cent of infants born to pregnant women living with HIV who received a virological test for HIV within 2 months of birth,2019,11.8,9,16.4
South sudan,Eastern and Southern Africa,Reported number of infants born to pregnant women living with HIV who received a virological test for HIV within 2 months of birth,2015,110,,
South sudan,Eastern and Southern Africa,Reported number of infants born to pregnant women living with HIV who received a virological test for HIV within 2 months of birth,2016,220,,
South sudan,Eastern and Southern Africa,Reported number of infants born to pregnant women living with HIV who received a virological test for HIV within 2 months of birth,2017,"1,100",,
South sudan,Eastern and Southern Africa,Reported number of infants born to pregnant women living with HIV who received a virological test for HIV within 2 months of birth,2018,560,,
South sudan,Eastern and Southern Africa,Reported number of infants born to pregnant women living with HIV who received a virological test for HIV within 2 months of birth,2019,"1,200",,
United republic of tanzania,Eastern and Southern Africa,Per cent of infants born to pregnant women living with HIV who received a virological test for HIV within 2 months of birth,2010,29.2,24.3,36.8
United republic of tanzania,Eastern and Southern Africa,Per cent of infants born to pregnant women living with HIV who received a virological test for HIV within 2 months of birth,2011,35.9,30.7,45.7
United republic of tanzania,Eastern and Southern Africa,Per cent of infants born to pregnant women living with HIV who received a virological test for HIV within 2 months of birth,2012,34.8,29.4,44
United republic of tanzania,Eastern and Southern Africa,Per cent of infants born to pregnant women living with HIV who received a virological test for HIV within 2 months of birth,2013,34.2,28.4,43.9
United republic of tanzania,Eastern and Southern Africa,Per cent of infants born to pregnant women living with HIV who received a virological test for HIV within 2 months of birth,2014,45.8,38.9,60
United republic of tanzania,Eastern and Southern Africa,Per cent of infants born to pregnant women living with HIV who received a virological test for HIV within 2 months of birth,2015,44.7,38.1,57.4
United republic of tanzania,Eastern and Southern Africa,Per cent of infants born to pregnant women living with HIV who received a virological test for HIV within 2 months of birth,2016,45.4,38.7,59.4
United republic of tanzania,Eastern and Southern Africa,Per cent of infants born to pregnant women living with HIV who received a virological test for HIV within 2 months of birth,2017,42,36.1,53.8
United republic of tanzania,Eastern and Southern Africa,Per cent of infants born to pregnant women living with HIV who received a virological test for HIV within 2 months of birth,2018,47.7,40.8,62.2
United republic of tanzania,Eastern and Southern Africa,Per cent of infants born to pregnant women living with HIV who received a virological test for HIV within 2 months of birth,2019,46.6,40,60.1
United republic of tanzania,Eastern and Southern Africa,Reported number of infants born to pregnant women living with HIV who received a virological test for HIV within 2 months of birth,2010,"22,000",,
United republic of tanzania,Eastern and Southern Africa,Reported number of infants born to pregnant women living with HIV who received a virological test for HIV within 2 months of birth,2011,"27,200",,
United republic of tanzania,Eastern and Southern Africa,Reported number of infants born to pregnant women living with HIV who received a virological test for HIV within 2 months of birth,2012,"26,600",,
United republic of tanzania,Eastern and Southern Africa,Reported number of infants born to pregnant women living with HIV who received a virological test for HIV within 2 months of birth,2013,"26,600",,
United republic of tanzania,Eastern and Southern Africa,Reported number of infants born to pregnant women living with HIV who received a virological test for HIV within 2 months of birth,2014,"36,500",,
United republic of tanzania,Eastern and Southern Africa,Reported number of infants born to pregnant women living with HIV who received a virological test for HIV within 2 months of birth,2015,"36,100",,
United republic of tanzania,Eastern and Southern Africa,Reported number of infants born to pregnant women living with HIV who received a virological test for HIV within 2 months of birth,2016,"37,000",,
United republic of tanzania,Eastern and Southern Africa,Reported number of infants born to pregnant women living with HIV who received a virological test for HIV within 2 months of birth,2017,"34,100",,
United republic of tanzania,Eastern and Southern Africa,Reported number of infants born to pregnant women living with HIV who received a virological test for HIV within 2 months of birth,2018,"38,700",,
United republic of tanzania,Eastern and Southern Africa,Reported number of infants born to pregnant women living with HIV who received a virological test for HIV within 2 months of birth,2019,"37,600",,
Uganda,Eastern and Southern Africa,Per cent of infants born to pregnant women living with HIV who received a virological test for HIV within 2 months of birth,2010,10.6,9.3,12.4
Uganda,Eastern and Southern Africa,Per cent of infants born to pregnant women living with HIV who received a virological test for HIV within 2 months of birth,2011,31.4,28.3,37.6
Uganda,Eastern and Southern Africa,Per cent of infants born to pregnant women living with HIV who received a virological test for HIV within 2 months of birth,2013,44,39.3,52.3
Uganda,Eastern and Southern Africa,Per cent of infants born to pregnant women living with HIV who received a virological test for HIV within 2 months of birth,2014,5.4,4.8,6.6
Uganda,Eastern and Southern Africa,Per cent of infants born to pregnant women living with HIV who received a virological test for HIV within 2 months of birth,2015,40.1,35.9,48
Uganda,Eastern and Southern Africa,Per cent of infants born to pregnant women living with HIV who received a virological test for HIV within 2 months of birth,2016,33.2,29.9,39.7
Uganda,Eastern and Southern Africa,Per cent of infants born to pregnant women living with HIV who received a virological test for HIV within 2 months of birth,2017,46.4,41.4,56.6
Uganda,Eastern and Southern Africa,Per cent of infants born to pregnant women living with HIV who received a virological test for HIV within 2 months of birth,2018,47,41.5,56.2
Uganda,Eastern and Southern Africa,Per cent of infants born to pregnant women living with HIV who received a virological test for HIV within 2 months of birth,2019,56.3,49.7,68.2
Uganda,Eastern and Southern Africa,Reported number of infants born to pregnant women living with HIV who received a virological test for HIV within 2 months of birth,2010,"10,000",,
Uganda,Eastern and Southern Africa,Reported number of infants born to pregnant women living with HIV who received a virological test for HIV within 2 months of birth,2011,"29,900",,
Uganda,Eastern and Southern Africa,Reported number of infants born to pregnant women living with HIV who received a virological test for HIV within 2 months of birth,2013,"42,700",,
Uganda,Eastern and Southern Africa,Reported number of infants born to pregnant women living with HIV who received a virological test for HIV within 2 months of birth,2014,"5,400",,
Uganda,Eastern and Southern Africa,Reported number of infants born to pregnant women living with HIV who received a virological test for HIV within 2 months of birth,2015,"40,100",,
Uganda,Eastern and Southern Africa,Reported number of infants born to pregnant women living with HIV who received a virological test for HIV within 2 months of birth,2016,"33,100",,
Uganda,Eastern and Southern Africa,Reported number of infants born to pregnant women living with HIV who received a virological test for HIV within 2 months of birth,2017,"45,700",,
Uganda,Eastern and Southern Africa,Reported number of infants born to pregnant women living with HIV who received a virological test for HIV within 2 months of birth,2018,"45,700",,
Uganda,Eastern and Southern Africa,Reported number of infants born to pregnant women living with HIV who received a virological test for HIV within 2 months of birth,2019,"53,800",,
Zambia,Eastern and Southern Africa,Per cent of infants born to pregnant women living with HIV who received a virological test for HIV within 2 months of birth,2010,31.7,28.2,39.3
Zambia,Eastern and Southern Africa,Per cent of infants born to pregnant women living with HIV who received a virological test for HIV within 2 months of birth,2011,83.6,74.4,>95
Zambia,Eastern and Southern Africa,Per cent of infants born to pregnant women living with HIV who received a virological test for HIV within 2 months of birth,2012,87.8,78.2,>95
Zambia,Eastern and Southern Africa,Per cent of infants born to pregnant women living with HIV who received a virological test for HIV within 2 months of birth,2013,77.9,69.4,>95
Zambia,Eastern and Southern Africa,Per cent of infants born to pregnant women living with HIV who received a virological test for HIV within 2 months of birth,2014,48.9,43.6,60.7
Zambia,Eastern and Southern Africa,Per cent of infants born to pregnant women living with HIV who received a virological test for HIV within 2 months of birth,2015,53.1,47.3,65.9
Zambia,Eastern and Southern Africa,Per cent of infants born to pregnant women living with HIV who received a virological test for HIV within 2 months of birth,2016,54.1,48.2,67.2
Zambia,Eastern and Southern Africa,Per cent of infants born to pregnant women living with HIV who received a virological test for HIV within 2 months of birth,2017,57.5,51.2,71.4
Zambia,Eastern and Southern Africa,Per cent of infants born to pregnant women living with HIV who received a virological test for HIV within 2 months of birth,2018,60.7,54,75.3
Zambia,Eastern and Southern Africa,Per cent of infants born to pregnant women living with HIV who received a virological test for HIV within 2 months of birth,2019,70.3,62.6,87.3
Zambia,Eastern and Southern Africa,Reported number of infants born to pregnant women living with HIV who received a virological test for HIV within 2 months of birth,2010,"16,800",,
Zambia,Eastern and Southern Africa,Reported number of infants born to pregnant women living with HIV who received a virological test for HIV within 2 months of birth,2011,"45,200",,
Zambia,Eastern and Southern Africa,Reported number of infants born to pregnant women living with HIV who received a virological test for HIV within 2 months of birth,2012,"48,200",,
Zambia,Eastern and Southern Africa,Reported number of infants born to pregnant women living with HIV who received a virological test for HIV within 2 months of birth,2013,"43,100",,
Zambia,Eastern and Southern Africa,Reported number of infants born to pregnant women living with HIV who received a virological test for HIV within 2 months of birth,2014,"27,200",,
Zambia,Eastern and Southern Africa,Reported number of infants born to pregnant women living with HIV who received a virological test for HIV within 2 months of birth,2015,"29,800",,
Zambia,Eastern and Southern Africa,Reported number of infants born to pregnant women living with HIV who received a virological test for HIV within 2 months of birth,2016,"30,500",,
Zambia,Eastern and Southern Africa,Reported number of infants born to pregnant women living with HIV who received a virological test for HIV within 2 months of birth,2017,"32,500",,
Zambia,Eastern and Southern Africa,Reported number of infants born to pregnant women living with HIV who received a virological test for HIV within 2 months of birth,2018,"34,300",,
Zambia,Eastern and Southern Africa,Reported number of infants born to pregnant women living with HIV who received a virological test for HIV within 2 months of birth,2019,"39,700",,
Zimbabwe,Eastern and Southern Africa,Per cent of infants born to pregnant women living with HIV who received a virological test for HIV within 2 months of birth,2010,9.2,7.6,12
Zimbabwe,Eastern and Southern Africa,Per cent of infants born to pregnant women living with HIV who received a virological test for HIV within 2 months of birth,2011,18.2,15.1,23.8
Zimbabwe,Eastern and Southern Africa,Per cent of infants born to pregnant women living with HIV who received a virological test for HIV within 2 months of birth,2012,31.4,26,41.2
Zimbabwe,Eastern and Southern Africa,Per cent of infants born to pregnant women living with HIV who received a virological test for HIV within 2 months of birth,2013,48,39.8,63
Zimbabwe,Eastern and Southern Africa,Per cent of infants born to pregnant women living with HIV who received a virological test for HIV within 2 months of birth,2014,46.9,38.9,61.5
Zimbabwe,Eastern and Southern Africa,Per cent of infants born to pregnant women living with HIV who received a virological test for HIV within 2 months of birth,2015,52.5,43.5,68.8
Zimbabwe,Eastern and Southern Africa,Per cent of infants born to pregnant women living with HIV who received a virological test for HIV within 2 months of birth,2016,65.6,54.4,86
Zimbabwe,Eastern and Southern Africa,Per cent of infants born to pregnant women living with HIV who received a virological test for HIV within 2 months of birth,2017,61.7,51.1,80.9
Zimbabwe,Eastern and Southern Africa,Per cent of infants born to pregnant women living with HIV who received a virological test for HIV within 2 months of birth,2018,61.1,50.7,80.1
Zimbabwe,Eastern and Southern Africa,Per cent of infants born to pregnant women living with HIV who received a virological test for HIV within 2 months of birth,2019,55.7,46.2,73.1
Zimbabwe,Eastern and Southern Africa,Reported number of infants born to pregnant women living with HIV who received a virological test for HIV within 2 months of birth,2010,"6,500",,
Zimbabwe,Eastern and Southern Africa,Reported number of infants born to pregnant women living with HIV who received a virological test for HIV within 2 months of birth,2011,"13,400",,
Zimbabwe,Eastern and Southern Africa,Reported number of infants born to pregnant women living with HIV who received a virological test for HIV within 2 months of birth,2012,"23,200",,
Zimbabwe,Eastern and Southern Africa,Reported number of infants born to pregnant women living with HIV who received a virological test for HIV within 2 months of birth,2013,"35,300",,
Zimbabwe,Eastern and Southern Africa,Reported number of infants born to pregnant women living with HIV who received a virological test for HIV within 2 months of birth,2014,"33,800",,
Zimbabwe,Eastern and Southern Africa,Reported number of infants born to pregnant women living with HIV who received a virological test for HIV within 2 months of birth,2015,"37,000",,
Zimbabwe,Eastern and Southern Africa,Reported number of infants born to pregnant women living with HIV who received a virological test for HIV within 2 months of birth,2016,"45,000",,
Zimbabwe,Eastern and Southern Africa,Reported number of infants born to pregnant women living with HIV who received a virological test for HIV within 2 months of birth,2017,"41,400",,
Zimbabwe,Eastern and Southern Africa,Reported number of infants born to pregnant women living with HIV who received a virological test for HIV within 2 months of birth,2018,"40,000",,
Zimbabwe,Eastern and Southern Africa,Reported number of infants born to pregnant women living with HIV who received a virological test for HIV within 2 months of birth,2019,"35,400",,
